Title,Company,Location,Type,Posted,Link
ITBusinessServices Intern (2026 Semester 1) - Generation H,Hermès,New York,Internship,2 days ago,https://www.welcometothejungle.com/en/companies/hermes/jobs/it-business-services-intern-2026-semester-1-generation-h_new-york_HERMS_Vwd21Yq
"Director - Human ResourcesBusinessPartner, West Region",Hermès,Beverly Hills,Permanent contract,4 days ago,https://www.welcometothejungle.com/en/companies/hermes/jobs/director-human-resources-business-partner-west-region_beverly-hills_HERMS_XQGL0D7
"Vice President, GlobalBusinessPerformance",Quadient,Boston,Permanent contract,6 days ago,https://www.welcometothejungle.com/en/companies/quadient/jobs/vice-president-global-business-performance_boston
EnterpriseBusinessDevelopment Representative,DataDome,New York,Permanent contract,7 days ago,https://www.welcometothejungle.com/en/companies/datadome/jobs/enterprise-business-development-representative_new-york_DATAD_1pVqee8
BusinessDevelopment Representative,Brevo,Austin,Permanent contract,10 days ago,https://www.welcometothejungle.com/en/companies/sendinblue/jobs/business-development-representative_austin
Head ofBusinessDevelopment,Kraken,New York,Permanent contract,16 days ago,https://www.welcometothejungle.com/en/companies/kraken/jobs/head-of-business-development_new-york
BusinessValue Consultant,Mirakl,Boston,Permanent contract,18 days ago,https://www.welcometothejungle.com/en/companies/mirakl/jobs/business-value-consultant_boston_MIRAK_eYxOGYq
"StrategicBusinessDevelopment Principal, Central US",Via,Dallas,Permanent contract,19 days ago,https://www.welcometothejungle.com/en/companies/via/jobs/strategic-business-development-principal-central-us_dallas
"Senior Human ResourcesBusinessPartner, Southern Region",Hermès,Miami,Permanent contract,27 days ago,https://www.welcometothejungle.com/en/companies/hermes/jobs/senior-human-resources-business-partner-southern-region_miami
USBusinessDeveloper - Renewable Energy SaaS,SkyVisor,"Dallas,Paris",International Corporate Volunteer Program,27 days ago,https://www.welcometothejungle.com/en/companies/skyvisor/jobs/us-based-business-developer_paris
"StrategicBusinessDevelopment Principal, Western US",Via,Los Angeles,Permanent contract,29 days ago,https://www.welcometothejungle.com/en/companies/via/jobs/strategic-business-development-principal-western-us_london
"Legal Tech Associate, IP & LicensingBusiness",Mistral Ai,Palo Alto,Permanent contract,2 months ago,https://www.welcometothejungle.com/en/companies/mistral-ai/jobs/legal-tech-associate-ip-licensing-business_palo-alto
BusinessTransformation Senior Advisor,Dataiku,New York,Permanent contract,2 months ago,https://www.welcometothejungle.com/en/companies/dataiku/jobs/business-transformation-senior-advisor_new-york
"Director of Public SectorBusinessDevelopment, Central US",Via,Chicago,Permanent contract,2 months ago,https://www.welcometothejungle.com/en/companies/via/jobs/director-of-public-sector-business-development-central-us_london
BusinessDevelopment Representative,Mirakl,Boston,Permanent contract,2 months ago,https://www.welcometothejungle.com/en/companies/mirakl/jobs/business-development-representative_boston_MIRAK_J68Kg14
"Director ofBusinessDevelopment, Eastern US",Via,New York,Permanent contract,2 months ago,https://www.welcometothejungle.com/en/companies/via/jobs/director-of-business-development-eastern-us_georgia
"StrategicBusinessDevelopment Principal, Eastern US",Via,New York,Permanent contract,2 months ago,https://www.welcometothejungle.com/en/companies/via/jobs/strategic-business-development-principal-eastern-us_london
HRBusinessPartner US,Mistral Ai,Palo Alto,Permanent contract,2 months ago,https://www.welcometothejungle.com/en/companies/mistral-ai/jobs/hr-business-partner-us_palo-alto
BusinessDevelopment Representative (LATAM + US),Filigran,New York,Permanent contract,2 months ago,https://www.welcometothejungle.com/en/companies/filigran/jobs/business-developer-na_new-york
Quantumbusinessoperation Internship,Alice & Bob,Boston,Internship,2 months ago,https://www.welcometothejungle.com/en/companies/alice-bob/jobs/business-development-intern_boston
"Client Development Manager, Women's Ready-to-Wear",Hermès,Beverly Hills,Permanent contract,3 days ago,https://www.welcometothejungle.com/en/companies/hermes/jobs/client-development-manager-women-s-ready-to-wear_beverly-hills_HERMS_N6rZZOo
Senior Director - Client Development,Hermès,New York,Permanent contract,9 days ago,https://www.welcometothejungle.com/en/companies/hermes/jobs/senior-director-client-development_new-york_HERMS_wJVwz7V
Enterprise BDR,Via,New York,Permanent contract,9 days ago,https://www.welcometothejungle.com/en/companies/via/jobs/enterprise-bdr_new-york
"Client Development Manager - East Coast, MRTW & MTM",Hermès,Manhattan,Permanent contract,10 days ago,https://www.welcometothejungle.com/en/companies/hermes/jobs/client-development-manager-east-coast-mrtw-mtm_manhattan_HERMS_x9qxyk1
OEM Trade Parts BDM,MSX International,Dallas,Permanent contract,9 days ago,https://www.welcometothejungle.com/en/companies/msx-international/jobs/oem-trade-parts-bdm_dallas
Ford Connected Services Coach,MSX International,Charlotte,Permanent contract,12 days ago,https://www.welcometothejungle.com/en/companies/msx-international/jobs/ford-connected-services-coach_charlotte
FSR+ Coach,MSX International,Southfield,Permanent contract,12 days ago,https://www.welcometothejungle.com/en/companies/msx-international/jobs/implementation-specialist_port
BDR Ecosystem Specialist - US East Coast,Crossbeam,Philadelphia,Permanent contract,12 days ago,https://www.welcometothejungle.com/en/companies/reveal/jobs/bdr-ecosystem-specialist-us-east-coast_philadelphia
"Senior Director, Partnerships (Commercial)",Equativ,New York,Permanent contract,20 days ago,https://www.welcometothejungle.com/en/companies/equativ/jobs/senior-director-partnerships-commercial_new-york
"Senior Director, DSP Commercial Partnerships",Equativ,New York,Permanent contract,20 days ago,https://www.welcometothejungle.com/en/companies/equativ/jobs/senior-director-dsp-commercial-partnerships_new-york
US Artists Coach - Groover Club (Freelance),Groover,New York,Freelance,18 days ago,https://www.welcometothejungle.com/en/companies/groover/jobs/us-artists-coach-groover-club-freelance_new-york
Corporate Actions Analyst,Crédit Agricole CIB,Woodbridge Twp,Permanent contract,26 days ago,https://www.welcometothejungle.com/en/companies/credit-agricole-cib/jobs/corporate-actions-analyst_woodbridge-township
"Asset Protection Specialist, Maison Madison",Hermès,New York,Permanent contract,14 hours ago,https://www.welcometothejungle.com/en/companies/hermes/jobs/asset-protection-specialist-maison-madison_new-york
Entrepreneur en Gestion de Patrimoine (F/H) - Dpt 02,AXA,Avenel,Other,2 days ago,https://www.welcometothejungle.com/en/companies/axa/jobs/entrepreneur-en-gestion-de-patrimoine-f-h-dpt-02_laon_AXA_V49Z2Me
Data Analyst,MSX International,Southfield,Permanent contract,2 days ago,https://www.welcometothejungle.com/en/companies/msx-international/jobs/data-analyst_southfield_MI_bgD2Yoy
Director of Should Cost & Competitive Benchmarking,Safran Electronics & Defense,Irvine,Permanent contract,2 days ago,https://www.welcometothejungle.com/en/companies/safran-electronics-defense-fr/jobs/director-of-should-cost-competitive-benchmarking_irvine
"Strategy and Operations Principal, Partner Operations",Via,Fort Worth,Permanent contract,2 days ago,https://www.welcometothejungle.com/en/companies/via/jobs/strategy-and-operations-principal-partner-operations_fort-worth
General Manager,Via,Fort Worth,Permanent contract,2 days ago,https://www.welcometothejungle.com/en/companies/via/jobs/general-manager_london_VIA_JpG0VAR
Bid Writer - US,Sweep,Denver,Permanent contract,5 days ago,https://www.welcometothejungle.com/en/companies/sweep-1/jobs/bid-writer-us_denver
"Assistant Manager, Miami",Hermès,Miami,Permanent contract,4 days ago,https://www.welcometothejungle.com/en/companies/hermes/jobs/assistant-manager-miami_miami_HERMS_9G7GRW0
"Managing Director, Short Hills",Hermès,Short Hills,Permanent contract,5 days ago,https://www.welcometothejungle.com/en/companies/hermes/jobs/managing-director-short-hills_short-hills_HERMS_qxbJpXN
AI deployment architect - New York,MakiPeople,New York,Permanent contract,3 days ago,https://www.welcometothejungle.com/en/companies/maki/jobs/ai-deployment-architect-new-york_new-york
"Research Engineer, Machine Learning",Mistral Ai,Palo Alto,Permanent contract,5 days ago,https://www.welcometothejungle.com/en/companies/mistral-ai/jobs/research-engineer-machine-learning_palo-alto
Team Leader,MSX International,Southfield,Permanent contract,5 days ago,https://www.welcometothejungle.com/en/companies/msx-international/jobs/team-leader_southfield
Concrete Batch Plant Superintendent M/F M/F,VINCI Construction,Norfolk,Permanent contract,5 days ago,https://www.welcometothejungle.com/en/companies/vinci-construction-fr/jobs/concrete-batch-plant-superintendent-m-f-m-f_norfolk
"VP, Liquidity Reporting Analyst",Crédit Agricole CIB,New York,Permanent contract,3 days ago,https://www.welcometothejungle.com/en/companies/credit-agricole-cib/jobs/vp-liquidity-reporting-analyst_new-york
"Vice President, Senior ALM Specialist",Crédit Agricole CIB,New York,Permanent contract,3 days ago,https://www.welcometothejungle.com/en/companies/credit-agricole-cib/jobs/vice-president-senior-alm-specialist_new-york
"VP, Regulatory Reporting Analyst",Crédit Agricole CIB,New York,Permanent contract,5 days ago,https://www.welcometothejungle.com/en/companies/credit-agricole-cib/jobs/vp-regulatory-reporting-analyst_new-york
Plant Manager,Socomec,Crystal Lake,Permanent contract,3 days ago,https://www.welcometothejungle.com/en/companies/socomec/jobs/plant-manager_crystal-lake_SOCOM_rgmNyO
Plant Manager,Socomec,Crystal Lake,Permanent contract,4 days ago,https://www.welcometothejungle.com/en/companies/socomec/jobs/plant-manager_crystal-lake
Principal Planner (Remix),Via,New York,Permanent contract,4 days ago,https://www.welcometothejungle.com/en/companies/via/jobs/principal-planner-remix_new-york
"Regional Data Manager, Citymapper",Via,New York,Permanent contract,5 days ago,https://www.welcometothejungle.com/en/companies/via/jobs/regional-data-manager-citymapper_new-york
Remix Scheduling Principal,Via,New York,Permanent contract,5 days ago,https://www.welcometothejungle.com/en/companies/via/jobs/remix-scheduling-principal_new-york
Procurement Manager,Hermès,Manhattan,Permanent contract,9 days ago,https://www.welcometothejungle.com/en/companies/hermes/jobs/procurement-manager_manhattan_HERMS_OLe0oVY
Fixed Operations Field Specialist,MSX International,Orlando,Permanent contract,6 days ago,https://www.welcometothejungle.com/en/companies/msx-international/jobs/fixed-operations-field-specialist_orlando
J202509011 Professional Services Consultant,Quadient,Jackson,Permanent contract,6 days ago,https://www.welcometothejungle.com/en/companies/quadient/jobs/j202509011-professional-services-consultant_mobile
Utility Manager M/F,VINCI Construction,Norfolk,Permanent contract,7 days ago,https://www.welcometothejungle.com/en/companies/vinci-construction-fr/jobs/utility-manager-m-f_norfolk
Summer 2026 Analyst - Chicago Coverage Intern,Crédit Agricole CIB,Chicago,Internship,7 days ago,https://www.welcometothejungle.com/en/companies/credit-agricole-cib/jobs/summer-2026-analyst-chicago-coverage-intern_chicago
General Manager,Via,Richmond,Permanent contract,9 days ago,https://www.welcometothejungle.com/en/companies/via/jobs/general-manager_oakland
Strategy and Operations Associate Principal,Via,New York,Permanent contract,9 days ago,https://www.welcometothejungle.com/en/companies/via/jobs/strategy-and-operations-associate-principal_new-york
"Senior Regional Asset Protection Manager, Western Region",Hermès,Beverly Hills,Permanent contract,10 days ago,https://www.welcometothejungle.com/en/companies/hermes/jobs/senior-regional-asset-protection-manager-western-region_beverly-hills
EPM / CPM Consulting Manager,MeltOne Advisory,New York,Permanent contract,9 days ago,https://www.welcometothejungle.com/en/companies/meltone-advisory/jobs/epm-cpm-consulting-manager_paris
Finance Administrator,Kraken,New York,Permanent contract,10 days ago,https://www.welcometothejungle.com/en/companies/kraken/jobs/finance-administrator_new-york
Global Stock Plan Administrator,Kraken,New York,Permanent contract,12 days ago,https://www.welcometothejungle.com/en/companies/kraken/jobs/global-stock-plan-administrator_new-york
Data Analyst,MSX International,Warwick,Permanent contract,9 days ago,https://www.welcometothejungle.com/en/companies/msx-international/jobs/data-analyst_warwick
Accounting Manager,Safran Electronics & Defense,Grand Prairie,Permanent contract,11 days ago,https://www.welcometothejungle.com/en/companies/safran-electronics-defense-fr/jobs/accounting-manager_grand-prairie
Bid Manager,Free Pro,Altamont,Permanent contract,11 days ago,https://www.welcometothejungle.com/en/companies/freepro/jobs/bid-manager_lyon
US Analyst - Corporate and Leveraged Finance - Fund Solutions Group North America,Crédit Agricole CIB,New York,Fixed-term / Temporary,10 days ago,https://www.welcometothejungle.com/en/companies/credit-agricole-cib/jobs/us-analyst-corporate-and-leveraged-finance-fund-solutions-group-north-america_new-york
VP Lead Auditor - Financial Controls and Regulatory Reporting,Crédit Agricole CIB,New York,Permanent contract,10 days ago,https://www.welcometothejungle.com/en/companies/credit-agricole-cib/jobs/vp-lead-auditor-financial-controls-and-regulatory-reporting_new-york
Compliance Risk Assessment Officer - VP,Crédit Agricole CIB,New York,Permanent contract,11 days ago,https://www.welcometothejungle.com/en/companies/credit-agricole-cib/jobs/compliance-risk-assessment-officer-vp_new-york
Credit Coordination Associate,Crédit Agricole CIB,New York,Permanent contract,11 days ago,https://www.welcometothejungle.com/en/companies/credit-agricole-cib/jobs/credit-coordination-analyst-associate_houston
Compliance Data Analytics and Reporting Associate,Crédit Agricole CIB,New York,Permanent contract,11 days ago,https://www.welcometothejungle.com/en/companies/credit-agricole-cib/jobs/compliance-data-analytics-and-reporting-associate_new-york
Senior Data Scientist in Marketing Analytics - New York,Ekimetrics,New York,Permanent contract,11 days ago,https://www.welcometothejungle.com/en/companies/ekimetrics/jobs/senior-consultant-in-marketing-analytics-data-science-new-york_new-york
Strategy and Operations Associate,Via,New York,Permanent contract,10 days ago,https://www.welcometothejungle.com/en/companies/via/jobs/strategy-and-operations-associate_new-york
Operations Associate Principal,Via,New York,Permanent contract,10 days ago,https://www.welcometothejungle.com/en/companies/via/jobs/operations-associate-principal_new-york
Field Operations Manager,Via,Omaha,Permanent contract,12 days ago,https://www.welcometothejungle.com/en/companies/via/jobs/field-operations-manager_omaha
Senior Blockchain Engineer,Dfns,"New York,Paris",Permanent contract,14 days ago,https://www.welcometothejungle.com/en/companies/dfns/jobs/senior-blockchain-engineer_DFNS_PXQa2Y2
"Senior Regional Asset Protection Manager, Northern Region",Hermès,Manhattan,Permanent contract,15 days ago,https://www.welcometothejungle.com/en/companies/hermes/jobs/senior-regional-asset-protection-manager-northern-region_manhattan
Senior Accountant,L-Acoustics,Westlake Village,Permanent contract,12 days ago,https://www.welcometothejungle.com/en/companies/l-acoustics/jobs/senior-accountant_westlake
Implementation Manager M/F/Mx,Trustpair,New York,Permanent contract,13 days ago,https://www.welcometothejungle.com/en/companies/trustpair/jobs/implementation-manager-m-f-mx_new-york
Hybrid Dealer Operations Specialist,MSX International,Dallas,Permanent contract,12 days ago,https://www.welcometothejungle.com/en/companies/msx-international/jobs/dealer-operations-specialist_dallas
FIELD OPERATION SUPPORT SPECIALIST,MSX International,Southfield,Permanent contract,12 days ago,https://www.welcometothejungle.com/en/companies/msx-international/jobs/field-operation-support-specialist_southfield
Implementation Specialist,MSX International,Southfield,Permanent contract,12 days ago,https://www.welcometothejungle.com/en/companies/msx-international/jobs/entry-level-openings-for-college-graduates-la-san-francisco-boston-nyc-chicago-and-philadephia_southfield
Implementation Specialist,MSX International,Nashville,Permanent contract,12 days ago,https://www.welcometothejungle.com/en/companies/msx-international/jobs/implementation-specialist_atlanta_MI_kAQ0wKl
Implementation Specialist,MSX International,Detroit,Permanent contract,12 days ago,https://www.welcometothejungle.com/en/companies/msx-international/jobs/fsr-coach_southfield
Hybrid Dealer Operations Specialist,MSX International,Cleveland,Permanent contract,12 days ago,https://www.welcometothejungle.com/en/companies/msx-international/jobs/dealer-operations-specialist_cleveland
Warranty Auditor,MSX International,St Louis,Permanent contract,12 days ago,https://www.welcometothejungle.com/en/companies/msx-international/jobs/warranty-auditor_washington_MI_8eoqw37
Hybrid District Manager Parts & Service,MSX International,Richmond,Permanent contract,12 days ago,https://www.welcometothejungle.com/en/companies/msx-international/jobs/hybrid-district-manager-parts-service_richmond
Ford Connected Service Coach,MSX International,Southfield,Permanent contract,12 days ago,https://www.welcometothejungle.com/en/companies/msx-international/jobs/trainer_southfield_MI_7ojQQXL
Fixed Operations Field Specialist,MSX International,Medford,Permanent contract,12 days ago,https://www.welcometothejungle.com/en/companies/msx-international/jobs/fixed-operations-field-specialist_medford
Automotive Operation Regional Manager,MSX International,Philadelphia,Permanent contract,12 days ago,https://www.welcometothejungle.com/en/companies/msx-international/jobs/field-operation-regional-manager_southfield
Dealer Service Performance Manager,MSX International,Atlanta,Permanent contract,12 days ago,https://www.welcometothejungle.com/en/companies/msx-international/jobs/dealer-service-performance-manager_atlanta_MI_e48Y0e7
CONSULTANT,MSX International,Washington,Permanent contract,12 days ago,https://www.welcometothejungle.com/en/companies/msx-international/jobs/consultant_washington
Senior Accountant,Socomec,Suwanee,Permanent contract,13 days ago,https://www.welcometothejungle.com/en/companies/socomec/jobs/senior-accountant_suwanee
Implementation Specialist,MSX International,Las Vegas,Permanent contract,17 days ago,https://www.welcometothejungle.com/en/companies/msx-international/jobs/implementation-specialist_las-vegas_MI_g0YPA57
Dealer Service Performance Manager,MSX International,Dallas,Permanent contract,17 days ago,https://www.welcometothejungle.com/en/companies/msx-international/jobs/dealer-service-performance-manager_dallas_MI_69gyAeJ
"V.I.E. – Financial Controller – Virginia, USA F/H",VINCI Construction,Chantilly,Permanent contract,17 days ago,https://www.welcometothejungle.com/en/companies/vinci-construction-fr/jobs/v-i-e-financial-controller-virginia-usa-f-h_chantilly
2026 Global Markets Division - Summer Intern Program,Crédit Agricole CIB,New York,Internship,16 days ago,https://www.welcometothejungle.com/en/companies/credit-agricole-cib/jobs/2026-global-markets-division-summer-intern-program_new-york
Marketing Data Analyst,Dataiku,New York,Permanent contract,17 days ago,https://www.welcometothejungle.com/en/companies/dataiku/jobs/marketing-data-analyst_new-york
"Strategy & Operations Associate, City Performance",Via,New York,Permanent contract,16 days ago,https://www.welcometothejungle.com/en/companies/via/jobs/strategy-operations-associate-city-performance_new-york
Product Support and Operations Specialist,Via,New York,Permanent contract,16 days ago,https://www.welcometothejungle.com/en/companies/via/jobs/product-support-and-operations-specialist_london
"Strategy & Operations Associate Principal, City Performance",Via,New York,Permanent contract,16 days ago,https://www.welcometothejungle.com/en/companies/via/jobs/strategy-operations-associate-principal-city-performance_new-york
Field Operations Manager,Via,San Diego,Permanent contract,17 days ago,https://www.welcometothejungle.com/en/companies/via/jobs/field-operations-manager_san-diego
"Strategy & Operations Principal, Fleet Operations",Via,New York,Permanent contract,17 days ago,https://www.welcometothejungle.com/en/companies/via/jobs/strategy-and-operations-principal_new-york
"Strategy & Operations Principal, Vehicle Operations",Via,New York,Permanent contract,17 days ago,https://www.welcometothejungle.com/en/companies/via/jobs/strategy-operations-principal_new-york
Expansion and Launch Operations Principal,Via,New York,Permanent contract,17 days ago,https://www.welcometothejungle.com/en/companies/via/jobs/expansion-and-launch-operations-principal_london
"Strategy & Operations Associate Principal, Vehicle Operations",Via,New York,Permanent contract,17 days ago,https://www.welcometothejungle.com/en/companies/via/jobs/strategy-operations-associate-principal_new-york
"Assistant Manager, Maison Madison",Hermès,New York,Permanent contract,19 days ago,https://www.welcometothejungle.com/en/companies/hermes/jobs/assistant-manager-maison-madison_new-york_HERMS_5Kjrorx
Senior Accountant,Motul,Irwindale,Permanent contract,20 days ago,https://www.welcometothejungle.com/en/companies/motul/jobs/senior-accountant_irwindale
Associate - Information & Communications Technology Risk,Crédit Agricole CIB,New York,Permanent contract,18 days ago,https://www.welcometothejungle.com/en/companies/credit-agricole-cib/jobs/associate-information-communications-technology-risk_new-york
"Strategy & Operations Associate Principal, Support Operations",Via,New York,Permanent contract,19 days ago,https://www.welcometothejungle.com/en/companies/via/jobs/strategy-operations-associate-principal_new-york_VIA_pZwoa5j
Assistant Manager - Maison Madison,Hermès,New York,Permanent contract,22 days ago,https://www.welcometothejungle.com/en/companies/hermes/jobs/assistant-manager-maison-madison_new-york
Accounting Intern (2026 Semester 1) - Generation H,Hermès,New York,Internship,22 days ago,https://www.welcometothejungle.com/en/companies/hermes/jobs/accounting-intern-2026-semester-1-generation-h_new-york_HERMS_3PagD57
"Assistant Manager, Las Vegas Crystals",Hermès,Las Vegas,Permanent contract,23 days ago,https://www.welcometothejungle.com/en/companies/hermes/jobs/assistant-manager-las-vegas-crystals_las-vegas_HERMS_dKKzW37
"Assistant Manager, Boston",Hermès,Boston,Permanent contract,23 days ago,https://www.welcometothejungle.com/en/companies/hermes/jobs/assistant-manager-boston_boston
"Assistant Manager, Waikiki",Hermès,Honolulu,Permanent contract,23 days ago,https://www.welcometothejungle.com/en/companies/hermes/jobs/assistant-manager-waikiki_honolulu_HERMS_X9JD5md
"Assistant Manager, Saint-Louis",Hermès,Manhattan,Permanent contract,23 days ago,https://www.welcometothejungle.com/en/companies/hermes/jobs/assistant-manager-saint-louis_manhattan
Client Implementation Lead,Kraken,New York,Permanent contract,24 days ago,https://www.welcometothejungle.com/en/companies/kraken/jobs/client-delivery-associate-operations_new-york
Regional Service Manager,Socomec,Watertown,Permanent contract,22 days ago,https://www.welcometothejungle.com/en/companies/socomec/jobs/regional-service-manager_watertown
Mandataire d’Assurance (F/H) - Indépendant - Dpt 02,AXA,Avenel,Other,26 days ago,https://www.welcometothejungle.com/en/companies/axa/jobs/mandataire-d-assurance-f-h-independant-dpt-02_laon
Internal Controller,Hermès,Manhattan,Permanent contract,26 days ago,https://www.welcometothejungle.com/en/companies/hermes/jobs/internal-controller_manhattan_HERMS_3J3eDwy
Agent Général d'Assurance (F/H) - Indépendant - Dpt 02 Chateau Thierry,AXA,Avenel,Other,26 days ago,https://www.welcometothejungle.com/en/companies/axa/jobs/agent-general-d-assurance-f-h-independant-dpt-02-chateau-thierry_laon
Agent Général d'Assurance (F/H) - Indépendant - Dpt 02 LAON,AXA,Avenel,Other,26 days ago,https://www.welcometothejungle.com/en/companies/axa/jobs/agent-general-d-assurance-f-h-independant-dpt-02-laon_laon_AXA_pmNOY2W
Agent Général d'Assurance (F/H) - Indépendant - Dpt 02 ST QUENTIN,AXA,Avenel,Other,26 days ago,https://www.welcometothejungle.com/en/companies/axa/jobs/agent-general-d-assurance-f-h-independant-dpt-02-st-quentin_laon
Agent Général d'Assurance (F/H) - Indépendant - Dpt 02 LAON,AXA,Avenel,Other,26 days ago,https://www.welcometothejungle.com/en/companies/axa/jobs/agent-general-d-assurance-f-h-independant-dpt-02-laon_laon
Global Investment Banking - ECM and M&A Summer 2026 Intern,Crédit Agricole CIB,New York,Internship,24 days ago,https://www.welcometothejungle.com/en/companies/credit-agricole-cib/jobs/global-investment-banking-ecm-and-m-a-summer-2026-intern_new-york
Accounts Receivable Specialist,Socomec,Watertown,Permanent contract,26 days ago,https://www.welcometothejungle.com/en/companies/socomec/jobs/accounts-receivable-specialist_watertown
Field Operations Manager,Via,Bayview,Permanent contract,26 days ago,https://www.welcometothejungle.com/en/companies/via/jobs/field-operations-manager_bayview
"Assistant Manager, Operations",LFB,High Point,Permanent contract,29 days ago,https://www.welcometothejungle.com/en/companies/lfb/jobs/assistant-manager-operations_high-point
Field Operations Manager,Via,Tallahassee,Permanent contract,last month,https://www.welcometothejungle.com/en/companies/via/jobs/field-operations-manager_florida
"Energy & Real Assets Advisory, Americas - Associate/Sr Associate",Crédit Agricole CIB,New York,Permanent contract,last month,https://www.welcometothejungle.com/en/companies/credit-agricole-cib/jobs/energy-and-real-assets-americas-associate-sr-associate_new-york
Head of Robotics Operations (Detroit),Inbolt,Detroit,Permanent contract,last month,https://www.welcometothejungle.com/en/companies/inbolt/jobs/head-of-robotics-operations-usa_detroit
Technical Manager,Nexans,Goose Creek,Permanent contract,last month,https://www.welcometothejungle.com/en/companies/nexans/jobs/technical-manager_goose-creek
Safety Operations Manager,Via,Sunnyvale,Permanent contract,last month,https://www.welcometothejungle.com/en/companies/via/jobs/safety-operations-manager_sunnyvale
"Applied AI, Senior MLOps Engineer - NYC",Mistral Ai,New York,Permanent contract,2 months ago,https://www.welcometothejungle.com/en/companies/mistral-ai/jobs/applied-ai-engineer-ml-infra-palo-alto_palo-alto
Senior Corporate Accountant M/F,VINCI Construction,Alexandria,Permanent contract,2 months ago,https://www.welcometothejungle.com/en/companies/vinci-construction-fr/jobs/senior-corporate-accountant-m-f_alexandria
"Leveraged, Acquisition & TMT Finance Americas - Portfolio Management - Analyst",Crédit Agricole CIB,New York,Permanent contract,2 months ago,https://www.welcometothejungle.com/en/companies/credit-agricole-cib/jobs/leveraged-acquisition-tmt-finance-americas-portfolio-management-analyst_new-york
Quantitative Analyst M/F,Crédit Agricole CIB,New York,International Corporate Volunteer Program,2 months ago,https://www.welcometothejungle.com/en/companies/credit-agricole-cib/jobs/quantitative-analyst-m-f_new-york
"Lead Auditor, Markets & Operations",Crédit Agricole CIB,New York,Permanent contract,2 months ago,https://www.welcometothejungle.com/en/companies/credit-agricole-cib/jobs/lead-auditor-markets-operations_new-york
Field Operations Manager,Via,Washington,Permanent contract,2 months ago,https://www.welcometothejungle.com/en/companies/via/jobs/field-operations-manager_washington_VIA_Gm8NbZp
AI deployment architect,MakiPeople,"New York,London,Paris",Permanent contract,2 months ago,https://www.welcometothejungle.com/en/companies/maki/jobs/ai-deployment-architect
VP - RPC Project Finance Credit Analyst,Crédit Agricole CIB,New York,Permanent contract,2 months ago,https://www.welcometothejungle.com/en/companies/credit-agricole-cib/jobs/vp-rpc-project-finance-credit-analyst_new-york_CAC_goqd40N
Head of Liquidity Reporting,Crédit Agricole CIB,New York,Permanent contract,2 months ago,https://www.welcometothejungle.com/en/companies/credit-agricole-cib/jobs/head-of-liquidity-reporting_new-york
Transaction Banking Associate - FCS-RSF,Crédit Agricole CIB,New York,Permanent contract,2 months ago,https://www.welcometothejungle.com/en/companies/credit-agricole-cib/jobs/transaction-banking-associate-fcs-rsf_new-york
"Structured Finance, Transportation Group - Vice President",Crédit Agricole CIB,New York,Permanent contract,2 months ago,https://www.welcometothejungle.com/en/companies/credit-agricole-cib/jobs/structured-finance-transportation-group-vice-president_new-york
Summer 2026 Intern - Corporate and Leveraged Finance,Crédit Agricole CIB,New York,Internship,2 months ago,https://www.welcometothejungle.com/en/companies/credit-agricole-cib/jobs/summer-2026-intern-corporate-and-leveraged-finance_new-york
Senior Cross-Asset Structurer,Crédit Agricole CIB,New York,Permanent contract,2 months ago,https://www.welcometothejungle.com/en/companies/credit-agricole-cib/jobs/senior-cross-asset-structurer_new-york
Lead Auditor - Regulatory Compliance,Crédit Agricole CIB,New York,Permanent contract,2 months ago,https://www.welcometothejungle.com/en/companies/credit-agricole-cib/jobs/lead-auditor-regulatory-compliance_new-york_CAC_mgR0lyw
"Audit Associate, Capital Markets and Operations",Crédit Agricole CIB,New York,Permanent contract,2 months ago,https://www.welcometothejungle.com/en/companies/credit-agricole-cib/jobs/audit-associate-capital-markets-and-operations_new-york
US Analyst - Loan Origination Support,Crédit Agricole CIB,New York,Fixed-term / Temporary,2 months ago,https://www.welcometothejungle.com/en/companies/credit-agricole-cib/jobs/us-analyst-loan-origination-support_new-york_CAC_ldmy5q2
Center Operations Supervisor,LFB,Lake Worth Beach,Permanent contract,2 months ago,https://www.welcometothejungle.com/en/companies/lfb/jobs/center-operations-supervisor_greenacres
Center Operation Supervisor,LFB,Lake Worth Beach,Permanent contract,2 months ago,https://www.welcometothejungle.com/en/companies/lfb/jobs/center-operation-supervisor_greenacres
AI Scientist - Palo Alto,Mistral Ai,Palo Alto,Permanent contract,2 months ago,https://www.welcometothejungle.com/en/companies/mistral-ai/jobs/ai-scientist-palo-alto_palo-alto
Senior Stock Plan Administrator,Via,New York,Permanent contract,2 months ago,https://www.welcometothejungle.com/en/companies/via/jobs/senior-stock-plan-administrator_new-york
"Field Operations Manager, Student Transit",Via,Phoenix,Internship,2 months ago,https://www.welcometothejungle.com/en/companies/via/jobs/field-operations-manager-student-transit_new-york_VIA_GDoDzOd
Accounting & Finance Manager,Safran Electronics & Defense,Grand Prairie,Permanent contract,2 months ago,https://www.welcometothejungle.com/en/companies/safran-electronics-defense-fr/jobs/accounting-finance-manager_grand-prairie
"Applied AI, Technical Lead - Forward Deployed AI Engineer",Mistral Ai,New York,Permanent contract,2 months ago,https://www.welcometothejungle.com/en/companies/mistral-ai/jobs/applied-ai-technical-lead-forward-deployed-ai-engineer-nyc_new-york
Gestionnaire Technique Lyon H / F,CBRE,Glen Lyon,Permanent contract,2 months ago,https://www.welcometothejungle.com/en/companies/cbre-3/jobs/gestionnaire-technique-lyon-h-f_lyon_CBRE_ZMjgA76
6 months Internship in Strategy & Data Science | New York,Ekimetrics,New York,Internship,2 months ago,https://www.welcometothejungle.com/en/companies/ekimetrics/jobs/internship-in-strategy-data-science-new-york_new-york
Senior Relationship Manager New York,Frenchfounders,New York,Permanent contract,6 days ago,https://www.welcometothejungle.com/en/companies/frenchfounders/jobs/senior-relationship-manager-new-york_new-york_FRENC_2xr4MZ5
Senior Relationship Manager Miami & Latam,Frenchfounders,Miami,Permanent contract,6 days ago,https://www.welcometothejungle.com/en/companies/frenchfounders/jobs/relationship-manager-miami-latam_miami
Applications Engineer – Treatment Technologies,SUEZ,Chicago,Permanent contract,2 days ago,https://www.welcometothejungle.com/en/companies/suez/jobs/applications-engineer-treatment-technologies_chicago
Vehicle Buyback Specialist,MSX International,Fountain Valley,Permanent contract,3 days ago,https://www.welcometothejungle.com/en/companies/msx-international/jobs/vehicle-buyback-specialist_fountain-valley
Programme Manager,MSX International,Warwick,Permanent contract,4 days ago,https://www.welcometothejungle.com/en/companies/msx-international/jobs/programme-manager_warwick_MI_bYO2OJl
Field Service Specialist,MSX International,Torrance,Permanent contract,6 days ago,https://www.welcometothejungle.com/en/companies/msx-international/jobs/field-service-specialist_los-angeles_MI_MRbMNYV
"Vice President, Dealer Sales",Quadient,Boston,Permanent contract,6 days ago,https://www.welcometothejungle.com/en/companies/quadient/jobs/vice-president-dealer-sales_boston
Mid-Level Technician,MSX International,Irvine,Permanent contract,9 days ago,https://www.welcometothejungle.com/en/companies/msx-international/jobs/mid-level-technician_irvine
Field Consultant,MSX International,Southfield,Permanent contract,9 days ago,https://www.welcometothejungle.com/en/companies/msx-international/jobs/field-consultant_southfield_MI_QK6gOol
Warranty Coordinator,MSX International,Chesterton,Permanent contract,10 days ago,https://www.welcometothejungle.com/en/companies/msx-international/jobs/warranty-coordinator_chester
Dealer Performance Manager,MSX International,Los Angeles,Permanent contract,11 days ago,https://www.welcometothejungle.com/en/companies/msx-international/jobs/dealer-performance-manager_los-angeles
"Paid Media Project Lead - based in Paris, New-York, Sao Paulo",Primelis,"New York,Nantes…+1",Permanent contract,11 days ago,https://www.welcometothejungle.com/en/companies/primelis/jobs/paid-media-project-lead-based-in-paris-nantes-or-new-york
"Principal Solutions Engineer, US",Dfns,New York,Permanent contract,14 days ago,https://www.welcometothejungle.com/en/companies/dfns/jobs/principal-solutions-engineer_new-york
Principal Security Engineer,Dfns,"New York,Paris",Permanent contract,14 days ago,https://www.welcometothejungle.com/en/companies/dfns/jobs/principal-security-engineer
Automotive Technical Advisor/Mechanic,MSX International,Torrance,Permanent contract,12 days ago,https://www.welcometothejungle.com/en/companies/msx-international/jobs/automotive-technical-advisor-mechanic_torrance
Project Manager I,MSX International,Chesterton,Permanent contract,12 days ago,https://www.welcometothejungle.com/en/companies/msx-international/jobs/project-manager-i_chester
Mobile Service Field Specialist,MSX International,Chicago,Permanent contract,12 days ago,https://www.welcometothejungle.com/en/companies/msx-international/jobs/gl-specialty-coach_washington
Head of Fleet Solutions,MSX International,Warwick,Permanent contract,12 days ago,https://www.welcometothejungle.com/en/companies/msx-international/jobs/head-of-fleet-solutions_warwick
Remote AI Digitalization Expert,MSX International,Southfield,Permanent contract,12 days ago,https://www.welcometothejungle.com/en/companies/msx-international/jobs/remote-ai-digitalization-expert_southfield
Account Executive,MSX International,Los Angeles,Permanent contract,12 days ago,https://www.welcometothejungle.com/en/companies/msx-international/jobs/north-america-account-executive_southfield
AI Digitalization Expert,MSX International,Chesterton,Permanent contract,12 days ago,https://www.welcometothejungle.com/en/companies/msx-international/jobs/ai-digitalization-expert_chester
Field Service Specialist,MSX International,San Francisco,Permanent contract,12 days ago,https://www.welcometothejungle.com/en/companies/msx-international/jobs/field-service-specialist_san-francisco
Ford Strategist,MSX International,Atlanta,Permanent contract,12 days ago,https://www.welcometothejungle.com/en/companies/msx-international/jobs/ford-strategist_atlanta
Field Consultant,MSX International,Southfield,Permanent contract,12 days ago,https://www.welcometothejungle.com/en/companies/msx-international/jobs/automotive-operations-specialist_seattle
Technical Training Instructor,MSX International,Irvine,Permanent contract,12 days ago,https://www.welcometothejungle.com/en/companies/msx-international/jobs/technical-training-instructor_irvine_MI_V7y3DPk
Ford Strategist,MSX International,New York,Permanent contract,12 days ago,https://www.welcometothejungle.com/en/companies/msx-international/jobs/ford-strategist_new-york
Wholesale Parts Coach,MSX International,Irvine,Permanent contract,12 days ago,https://www.welcometothejungle.com/en/companies/msx-international/jobs/wholesale-parts-coach_irvine
Automotive Operations Specialist,MSX International,Denver,Permanent contract,12 days ago,https://www.welcometothejungle.com/en/companies/msx-international/jobs/field-performance-specialist_southfield_MI_GW3aXV0
Subaru Express Service Plus Specialist,MSX International,Philadelphia,Permanent contract,12 days ago,https://www.welcometothejungle.com/en/companies/msx-international/jobs/subaru-express-service-plus-specialist_philadelphia
MARKET TIRE COACH,MSX International,Southfield,Permanent contract,12 days ago,https://www.welcometothejungle.com/en/companies/msx-international/jobs/market-tire-coach_southfield
Service Manager,MSX International,Fountain Valley,Permanent contract,12 days ago,https://www.welcometothejungle.com/en/companies/msx-international/jobs/service-manager_fountain-valley
Automotive Technical Advisor/Mechanic,MSX International,San Francisco,Permanent contract,12 days ago,https://www.welcometothejungle.com/en/companies/msx-international/jobs/field-consultant_irvine
Global Communications Manager (Automotive),MSX International,Chesterton,Permanent contract,12 days ago,https://www.welcometothejungle.com/en/companies/msx-international/jobs/global-communications-manager_chester
Ford Strategist,MSX International,Chicago,Permanent contract,12 days ago,https://www.welcometothejungle.com/en/companies/msx-international/jobs/ford-strategist_chicago
Recruiter,MSX International,Mahwah,Permanent contract,12 days ago,https://www.welcometothejungle.com/en/companies/msx-international/jobs/recruiter_mahwah
JLR Program Manager,MSX International,Mahwah,Permanent contract,12 days ago,https://www.welcometothejungle.com/en/companies/msx-international/jobs/jlr-program-manager_southfield
Automotive Operations Specialist,MSX International,Lancaster,Permanent contract,12 days ago,https://www.welcometothejungle.com/en/companies/msx-international/jobs/automotive-operations-specialist_lancaster
Field Service Specialist,MSX International,Tarzana,Permanent contract,12 days ago,https://www.welcometothejungle.com/en/companies/msx-international/jobs/field-service-specialist_san-diego_MI_DMxOYeX
Technical Training Instructor,MSX International,Mahwah,Permanent contract,12 days ago,https://www.welcometothejungle.com/en/companies/msx-international/jobs/technical-training-instructor_mahwah
Litigation Support Specialist,MSX International,Temecula,Permanent contract,12 days ago,https://www.welcometothejungle.com/en/companies/msx-international/jobs/litigation-support-specialist_temecula
Automotive Operations Specialist,MSX International,White Plains,Permanent contract,12 days ago,https://www.welcometothejungle.com/en/companies/msx-international/jobs/field-performance-specialist_southfield_MI_orVkWA
Dealer Performance Manager,MSX International,Phoenix,Permanent contract,19 days ago,https://www.welcometothejungle.com/en/companies/msx-international/jobs/field-consultant_southfield
A&R Manager - SharpTone Records,Believe,Culver City,Permanent contract,18 days ago,https://www.welcometothejungle.com/en/companies/believe-digital/jobs/a-r-manager-sharptone-records_culver-city
Survey Party Chief M/F,VINCI Construction,Norfolk,Permanent contract,24 days ago,https://www.welcometothejungle.com/en/companies/vinci-construction-fr/jobs/survey-party-chief-m-f_norfolk
"Paid Media Consultant - based in Paris, New-York, Sao Paulo",Primelis,"New York,Nantes…+1",Permanent contract,last month,https://www.welcometothejungle.com/en/companies/primelis/jobs/consultant-paid-media-experimente_levallois-perret
Sales Manager- Contracts,Safran Electronics & Defense,Irvine,Permanent contract,2 months ago,https://www.welcometothejungle.com/en/companies/safran-electronics-defense-fr/jobs/contract-sales-manager_irvine
Sales Manager,Ekimetrics,New York,Permanent contract,25 days ago,https://www.welcometothejungle.com/en/companies/ekimetrics/jobs/sales-manager_new-york_EKIME_qyoQKVg
HR Specialist,Ekimetrics,New York,Permanent contract,2 months ago,https://www.welcometothejungle.com/en/companies/ekimetrics/jobs/hr-specialist_new-york
